0,1,2,3,4,5,6,7,8,9,10,11,12,13,14,15,16,17,18
-0.32901667162939496,-0.8145040378347872,-0.8483896653481219,-0.8114498078969423,-0.8800202159219422,0.2719436449791154,-0.6594194162705246,-0.7473242260224889,-1.2043813451807166,-0.7031017803661166,-0.5655939214723258,-0.934658776612737,-0.11826988222613104,-0.3607860317988742,-0.28135872450887395,-0.7842413263712461,-1.0474749605816707,0.14746664006434645,-0.49936000401943986
-0.5636476854331774,-1.196407856937928,-0.9453447298510511,-0.9415695587368292,-0.8913105507733579,-1.237936596609928,-0.6594194162705246,-0.554047548484693,0.20872029536362374,-0.7031017803661166,-0.5994657842769313,-0.41747621989361383,-1.0069066889882585,-1.1695044601971902,-1.1507044808043179,-0.04743867301079086,-0.739891225628891,-0.6147412040377034,-0.3590164443076513
-0.6809631923350687,-0.8577560129300359,-0.8722157375123598,-0.8790314818617908,-0.8913105507733579,-0.5965968928522706,0.1477615038430018,-0.07085585464020344,1.1826146692522908,-0.8156120101089438,-0.8484840246473018,0.5204139817065101,-0.33697148502010665,-0.940447611892716,-0.7469255965000223,-0.5538884226108217,-0.739891225628891,-0.8722720615314054,-0.9439788292055286
-1.4435139871973617,-0.4313055426978753,-0.384689121921084,-0.3787268668614848,-0.3641235670612422,0.11052124206001927,0.41682181054751066,0.3156975004353884,0.8070606296481644,-0.5905915506232894,-0.5164597041534744,-0.6854448489222205,-0.47095852581373704,-0.5586861980519254,-0.5450361543478744,-0.6262383868393976,-0.739891225628891,-0.09967948905029947,-0.7977382329810593
1.372058178448028,2.4785917835921616,4.344319049314291,3.686248130016003,3.0040154955439404,1.5083129040959398,-0.6594194162705246,-0.7473242260224889,-1.2043813451807166,7.060104071888961,7.0370935870810944,0.2715859690370899,3.682639738788806,4.862325878487301,4.603144620531895,0.3866611123606643,2.8974770034681256,9.171431380722971,2.8582766726306734
-1.0329097130407425,-0.20553764669261396,-0.5796997681575944,-0.3787268668614848,-0.45198806434659505,0.5545256523537815,-0.6594194162705246,-0.7473242260224889,-1.2043813451807166,-1.040632469594598,-1.180508345141129,0.7883826107351167,0.1989766781544152,0.8156548917749206,0.6663004985650124,-0.48153845838224585,-0.739891225628891,0.15785136844340258,-0.9439788292055286
-1.3261984802954705,-0.20243908015269665,-0.3565849534897914,-0.38093437967567373,-0.12533924336621455,-1.1971153129545276,-0.05165935776861369,0.10081964351870258,0.4524747485156392,-0.34042213177434427,-0.43638363075047154,0.7026999526382355,-0.6396247182250554,-0.7311526179794567,-0.7665208348429517,0.9978050187800861,0.6844893511624933,-0.8722720615314054,0.3670244338807465
0.31621861633100684,2.0897692960275442,1.9066859713579118,1.309801208764548,1.6567598705018676,-0.5472630694862962,2.3002439574790725,2.248464275813347,1.118961442200744,3.1222460308900093,2.886789580908255,0.6352576798616276,-0.2029844442264761,-0.024220218674818668,-0.04031254896750511,1.8336603969321812,1.8582289380118355,-0.3572103465440014,1.9808330952838575
-1.2088829733935793,-1.1713225351595657,-1.1159790453079976,-1.129183789361944,-0.9791750480587106,-1.9943885548881903,-0.39035910956601577,-0.16749419340910135,0.11960577749145822,-1.040632469594598,-0.8484840246473018,-2.4846627866857243,-0.7389326074009978,-1.093152177429032,-0.9992873991902071,-0.7709383152965493,-0.48007920926481823,-0.09967948905029947,-0.9439788292055286
-0.32901667162939496,-0.669616099592318,-0.21405480646413766,-0.06603648248629351,-0.15910640672875306,0.439413397833177,-0.6594194162705246,-0.650685887253591,-1.2043813451807166,-0.36557109113763486,-0.10142930353619037,-1.3745070378529243,0.1989766781544152,-0.6350384808200834,-0.3431467121957266,-0.7709383152965493,-0.9997032419929636,-0.3572103465440014,0.3721865368146951
-0.32901667162939496,-1.32183446582974,-0.9940973914101786,-0.8790314818617908,-1.0084632138204945,0.998530062647545,-0.39035910956601577,-0.554047548484693,0.9152711156357938,-1.2656529290802525,-1.0975022650176722,-3.384271755567476,-0.8729196481946283,-0.940447611892716,-0.9488150386521701,-0.915638243753701,-0.739891225628891,-0.8722720615314054,-1.0902194254299977
-2.323380288961546,-1.384547770275646,-1.1891080376466892,-1.1917218662369822,-1.0963277111058474,-2.3397253184500064,0.1477615038430018,-0.07085585464020344,1.0680388605595066,-1.1531426993374254,-1.2635144252645858,0.4438515162697655,-1.140893729781889,-1.1695044601971902,-1.2516492018803917,-0.6262383868393976,-1.2595152583570361,-0.6147412040377034,-1.5289412141034056
-0.7982786992369599,-0.9455546391543042,-0.8234630759532322,-0.9415695587368292,-0.8620223850115737,-1.287270419975901,-0.39035910956601577,-0.554047548484693,1.1826146692522908,-0.14055063165198034,-0.18443538365964723,0.0227579563676684,-1.140893729781889,-0.8640953291245578,-1.0497597597282442,0.3143111481320884,-0.9997032419929636,-0.8722720615314054,0.07970534436575653
-1.3261984802954705,-1.32183446582974,-1.2622370299853805,-1.2542599431120205,-1.2720567056765526,-1.057045910934691,-0.39035910956601577,-0.554047548484693,0.6161009484935238,-1.1531426993374254,-1.0975022650176722,-0.8481400879753035,-1.140893729781889,-1.2458567429653484,-1.2516492018803917,-0.6262383868393976,-0.9997032419929636,-0.8722720615314054,-0.9439788292055286
1.3134004249970823,1.0612711031146866,1.1266433864118706,0.8720346706392805,0.8366912291719097,0.3243011433125713,-0.6594194162705246,-0.554047548484693,-0.5360224611394746,2.3346744226902185,1.9737226995502295,0.817093535273897,3.2806786164079145,2.8771665265151896,3.1394461649288226,-0.33683852992509417,-0.48007920926481823,0.6729130834308065,0.5184271330391645
-2.382038042412492,-1.3603261021355018,-0.9989003581002892,-1.0041076356118674,-0.9527722648161617,-1.1015195140241192,0.5533470272397575,0.6656019068316564,0.7943636695256107,-1.1309743553549703,-1.155975811834318,-0.9049535975423342,-0.8333196389415484,-0.8866613257030611,-0.8983426781141332,-1.0603381722108527,-1.2595152583570361,-0.538627691273348,-1.236460021654467
-0.03572790437466689,-0.7825000475949488,-0.45781811425977553,-0.5038030206115613,-0.3934117328230266,-0.9090444408367702,0.41682181054751066,0.5089741779731842,0.7115807890708441,-0.36557109113763486,-0.35044754390656085,-0.5227496098691374,-0.47095852581373704,-1.093152177429032,-0.8983426781141332,-0.33683852992509417,-0.9997032419929636,-0.6147412040377034,-0.3590164443076513
-0.7982786992369599,-0.8452133520408548,-0.8722157375123598,-0.9415695587368292,-0.8913105507733579,-0.8925998330481121,-0.39035910956601577,-0.16749419340910135,0.06868319585022067,-0.47808132088046207,-0.4334536240300177,-0.46532776079157934,-0.47095852581373704,-1.016799894660874,-0.7973979570380593,-0.6985883510679735,-0.48007920926481823,-0.6147412040377034,-0.9439788292055286
-0.6809631923350687,-0.3184215946952445,-0.21405480646413766,-0.12857455936133183,-0.15910640672875306,0.11052124206001927,-0.6594194162705246,-0.554047548484693,-0.04589261284256373,-0.25306086139480766,-0.018423223412733662,-1.1065384088243175,-0.7389326074009978,-0.6350384808200834,-0.6964532359619854,0.9654608261892709,0.29935683982739947,-0.3572103465440014,0.6646677292636339
-2.5580113027653284,-1.121151891602841,-1.1159790453079976,-1.129183789361944,-0.9205987165351421,-2.783729728743769,-0.6594194162705246,-0.7473242260224889,-1.2043813451807166,-0.8156120101089438,-0.7654779445238449,-0.3504840626364618,-0.6049455666073674,-0.6350384808200834,-0.6964532359619854,-0.6985883510679735,-1.2595152583570361,-0.6147412040377034,-0.212775848083182
1.1960849180951911,-0.004855072465714694,0.3709771322453933,0.4342681325140128,0.2509279139362258,0.7683055536063348,-0.6594194162705246,-0.554047548484693,-1.2043813451807166,0.42200051706215574,0.3966071772045506,0.4151405917309865,-0.47095852581373704,-0.48233391528376723,-0.4945637938098376,0.02491129121778505,0.29935683982739947,-0.3572103465440014,0.07970534436575653
0.7268228904876262,0.3714247542097211,0.12721382444975543,0.30919197876393617,0.30950424545979427,0.07763202648270302,-0.39035910956601577,-0.3607708709468972,-0.26231358481782296,-0.25306086139480766,-0.35044754390656085,0.4438515162697655,-0.47095852581373704,-0.10057250144297668,-0.24220199111965285,1.2548606831035745,0.8189808725555449,-0.3572103465440014,0.5184271330391645
-0.5636476854331774,-0.4128136970663814,-0.2576232496694429,-0.34248900498577084,-0.29165539107773425,-0.36629342831568357,-0.09301066051697329,-0.00989437563541928,0.4955173534527395,0.07869039335142605,0.1739691879747215,-0.0719848837719088,-0.5626846577960913,-0.14481504318880914,-0.30600119234420026,-0.36726510697202086,-0.5073950158650046,-0.7910441456063566,-0.18953740717021067
1.372058178448028,-0.11773902046834547,-0.18967847568457374,-0.3161887899864465,-0.15910640672875306,-0.5965968928522706,0.9549424239565282,0.9921658718176738,1.0043856335079597,-0.25306086139480766,-0.4334536240300177,0.7309607616575586,-0.2029844442264761,-0.10057250144297668,-0.14125727004357888,-0.11978863723936661,0.29935683982739947,-0.3572103465440014,-0.06653525185871258
1.372058178448028,2.8548716102675975,1.736051655900965,1.747567746889816,1.9789296938814935,-0.11970326698119092,0.41682181054751066,0.7022508555109801,0.41241062192857364,1.4345925847476007,1.2266679784391188,0.6735389125800005,0.7349248413289368,1.121064022847553,0.9691346617932339,6.608758036018187,4.975973134380707,-0.6147412040377034,2.8582766726306734
1.3134004249970823,-0.142824342246708,-0.4334417834802116,-0.3787268668614848,-0.33483540129945816,-0.34992777602240227,0.1477615038430018,0.1224208228975925,0.7688686934172362,-0.7031017803661166,-0.6824718644003881,0.1758828872411589,-0.8729196481946283,-0.48233391528376723,-0.6459808754239483,1.32721064733215,-0.22026719290074567,-0.6147412040377034,-0.06653525185871258
1.372058178448028,0.7602472417743378,0.8828800786162327,0.7469585168892041,0.8074030634101257,-0.08681405140387584,1.493063037365546,1.4753575656621636,1.1380574103162078,0.8720414360334645,0.4796132573280071,1.439163566947449,-0.47095852581373704,0.12848434686149768,-0.09078490950554187,0.9654608261892709,0.29935683982739947,-0.09967948905029947,1.1033895179370417
0.08158760252722434,-0.6069027951464121,-0.4334417834802116,-0.5038030206115613,-0.33483540129945816,-0.8432660096821389,1.2240027306610368,1.378719226893266,0.8197912750584737,-0.8156120101089438,-0.8484840246473018,0.8745153843514551,-1.140893729781889,-0.32962934974745106,-0.6459808754239483,-0.5538884226108217,-0.739891225628891,-0.6147412040377034,-1.0902194254299977
-0.5636476854331774,0.24599814531790917,0.5416114477023396,0.4342681325140128,0.10448708512730483,1.7385374131371498,-0.6594194162705246,-0.650685887253591,-1.2043813451807166,1.0970618955191191,1.060655818192205,0.07060949726563392,1.2708730045034582,-0.5586861980519254,0.11110453264660587,-0.6262383868393976,2.3778529707399807,-0.8722720615314054,-0.3590164443076513
0.37487636978195243,0.6418678485669231,0.5926634381077163,0.6033303869752591,0.7996355844071236,-0.43651206966379225,0.5008686978391901,0.3730331978768351,1.0484555875259618,0.42730685390405093,0.20727613214952695,0.9975949030854797,-0.42699831831837326,-0.35347965967564626,-0.39282559423012725,-0.2893634984683008,0.38459933851609707,-0.3612590020312028,-0.06653525185871258
1.1374271646442455,0.3588820933205397,0.07846116289062781,0.1841158250138595,-0.1005300752051846,1.2780883950547295,-0.6594194162705246,-0.7473242260224889,-1.2043813451807166,0.08446982783367404,0.3966071772045506,-1.0395462515671656,1.67283412688435,0.8920071745430788,1.2214964644834185,-0.6985883510679735,-0.48007920926481823,1.4455056559119124,-0.212775848083182
0.9614539042914086,0.40036218552596514,0.06326736544531225,0.06689234305919327,0.0057224475077144775,0.31581811016175293,-0.6594194162705246,-0.6628204010590312,-1.2043813451807166,0.3869366330813589,0.2514405413742408,0.8002696273415155,0.07370524246877358,-0.09098523161683945,-0.030691791761134353,0.25947512206623374,0.4612979943921464,-0.32487316250923287,0.5000642497734937
-1.2088829733935793,0.28362612798545284,-0.4821944450393392,-0.5038030206115613,-0.5984288931555158,0.29141192773525626,-0.39035910956601577,-0.45740920971579513,-0.2241216485868949,-0.14055063165198034,-0.10142930353619037,0.01318764818807584,0.6009378005353062,0.5102457607022882,0.5653557774889384,-0.11978863723936661,0.29935683982739947,-0.6147412040377034,0.07970534436575653
0.37487636978195243,-0.2721262896843685,-0.1999581632908793,-0.30822446521010655,-0.4573074100075343,0.7567015164323756,-0.6594194162705246,-0.7255351488559971,-1.2043813451807166,0.5582339652859495,0.625696755907719,-0.10649106536245423,0.6593995889199543,0.10266158641879704,0.3122562485692911,-0.7698808163854001,-0.9118333942887846,-0.299144781695022,-0.6020382657150072
-2.147407028608709,-0.4171224409879252,-0.7250468517685603,-0.7527868585534312,-0.6404458580138099,-1.0449028474732525,0.43190328379243137,0.572640975759433,0.4058643636524605,-0.8198163216266335,-0.8938643061036032,0.927824537043457,-0.7414360386895013,-0.6710747578568456,-0.7469255965000223,-0.23439666656111946,-0.21541283141143733,-0.6195529440581271,-0.7314488813778663
1.2547426715461367,1.6584269284155226,1.347807000607583,1.1170952686309412,1.398397127898201,-0.41182989738477704,1.5849287068553326,1.3810670128127869,1.1095952619439875,1.5855173532470705,1.2637836358488685,0.9383907697734502,-0.5025418438799789,-0.04036297257225468,-0.21429803568645825,2.8030453509152977,1.2224315626085156,-0.8722720615314054,2.1615454078578815
0.19890310942911557,0.27545721712067195,-0.1066891727159177,0.002607735292989085,-0.38728388881064146,2.229352511156814,-0.6594194162705246,-0.7473242260224889,-1.2043813451807166,-0.23109014050579346,0.16842936716764678,-1.4491596324917022,1.8161656891972684,1.280158539942604,1.4823063687347304,-0.5559067543694138,-0.7362672636998383,0.1829963646061329,-0.49301810946266816
1.3134004249970823,1.0738137640038676,0.6634931016001585,0.5593442862640892,0.6316740688394203,-0.004591012460586407,0.9549424239565282,0.9921658718176738,1.0807695059698157,0.6470209765478101,0.4796132573280071,0.5204139817065101,-0.33697148502010665,1.1974163056157112,0.6158281380269751,-0.1921386014679425,0.039544823463326904,-0.3572103465440014,0.22594594059022596
-0.5636476854331774,-0.7197867431490428,-0.45781811425977553,-0.2536507131114082,-0.33483540129945816,0.3243011433125713,-0.39035910956601577,-0.3607708709468972,0.20872029536362374,-0.9281222398517709,-0.9314901047707584,-0.5801714589466969,-0.8729196481946283,-1.016799894660874,-1.0497597597282442,-0.04743867301079086,-0.22026719290074567,-0.8722720615314054,-0.06653525185871258
-0.15304341127655813,-0.3184215946952445,-0.36031279114152026,-0.2536507131114082,-0.3641235670612422,0.7683055536063348,-0.6594194162705246,-0.7473242260224889,-1.2043813451807166,-0.5905915506232894,-0.4334536240300177,-1.183100874261062,0.33296371894804544,0.05213206409333951,0.16157689318464288,-0.6262383868393976,-0.48007920926481823,-0.6147412040377034,-0.65149763675659
0.4921918766838437,-0.17499257361382584,-0.25888810944081403,-0.1593530728883122,-0.2558434621215071,0.6429234622754879,-0.6594194162705246,-0.598861206583936,-1.2043813451807166,-0.3492460615705688,-0.415387577297746,0.2898821368126485,-0.36994277350205934,-0.20679199302559645,-0.3014327749567307,0.00916451901883779,0.26165858911084244,-0.20041947504767307,0.05848610001147107
-0.9155942061388512,-0.9831826218218478,-0.9209683990714873,-0.9415695587368292,-0.9791750480587106,-0.31703856044508605,-0.6594194162705246,-0.554047548484693,0.06868319585022067,-0.5905915506232894,-0.5164597041534744,-1.0682571761059445,-1.0069066889882585,-0.8640953291245578,-0.9488150386521701,0.1696112196749367,0.29935683982739947,-0.8722720615314054,-0.3590164443076513
1.2547426715461367,1.5128068951252094,0.5659877784819037,0.4342681325140128,0.6609622346012047,-0.5965968928522706,3.1074248775925986,3.0215709859645306,1.0935001513801252,-0.14055063165198034,-0.18443538365964723,-0.04423420088948224,-0.7389326074009978,0.7393026090067625,0.21204925372267963,0.8931108619606953,1.3386049052836904,-0.6147412040377034,0.5184271330391645
-0.622305438884123,-1.1234576455786691,-1.1382854840919823,-1.1864115073518344,-1.027803477766531,-2.286514284127269,-0.6594194162705246,-0.7473242260224889,-1.2043813451807166,-0.7641337420617214,-0.6895202435180521,-1.0260942072493129,-0.5821908141035963,-0.6505227985907032,-0.6476450990537983,-0.8825350240706656,-0.8808280725896968,-0.1956429523720116,-1.010890190323861
-0.3876744250803406,0.5219366848798953,0.73662209393885,0.7469585168892041,0.5438095715540678,0.8340839847609661,-0.6594194162705246,-0.650685887253591,-0.29414019834359645,0.9845516657762918,1.143661898315662,-0.23564036448134432,0.7349248413289368,0.8156548917749206,0.8177175801791231,-0.1921386014679425,-0.48007920926481823,-0.09967948905029947,0.07970534436575653
0.02292984907627873,0.6724486155500695,0.3709771322453933,0.12157774813882145,0.19235158241265737,-0.26770473707911285,1.493063037365546,1.5719959044310614,0.9470977291615672,0.7595312062906372,0.4796132573280071,1.0659215479433173,-0.33697148502010665,0.8156548917749206,0.4139386958748276,0.09726125544636095,-0.22026719290074567,1.1879747984182105,-0.5052570405321206
-1.4435139871973617,-1.0333532653785726,-0.7259577528349771,-0.6914172512366762,-0.5691407273937317,-0.7774875785275064,0.41682181054751066,0.605612516742082,0.8261565977636283,-1.1531426993374254,-1.180508345141129,-1.5180616605468207,-0.7389326074009978,-1.1695044601971902,-1.0497597597282442,-0.6262383868393976,-0.739891225628891,-0.3572103465440014,-0.5052570405321206
-0.21170116472750375,-0.7574147258165863,-0.4090654527006479,-0.3161887899864465,-0.5105643958701633,1.0807531015908345,-0.6594194162705246,-0.554047548484693,-0.14137245341988403,-0.47808132088046207,-0.5164597041534744,0.19502350360034534,-0.33697148502010665,-0.940447611892716,-0.7469255965000223,-0.5538884226108217,-0.22026719290074567,-0.6147412040377034,-0.5052570405321206
1.372058178448028,0.30871144976381515,0.0297085013315002,0.059039671263783136,0.01662258784195229,0.34074575110122945,-0.6594194162705246,-0.650685887253591,-1.2043813451807166,0.1969800575765011,0.3136010970810937,-0.24521067266093824,1.136885963709828,-0.17692478421113486,0.3129939747987536,0.3143111481320884,0.29935683982739947,-0.6147412040377034,0.3721865368146951
1.0787694111933,-0.3560495773627882,-0.384689121921084,-0.3787268668614848,-0.6570052246790843,1.754982020925808,-0.6594194162705246,-0.7473242260224889,-1.2043813451807166,-0.02804040190915328,0.14758893683417992,-0.9821244024896069,-0.06899740343284573,-0.25327706697929286,-0.14125727004357888,-0.5538884226108217,-0.48007920926481823,-0.09967948905029947,-0.3590164443076513
-0.32901667162939496,-0.09265369868998295,-0.36031279114152026,-0.5038030206115613,-0.42269989858481066,-0.4157062071770336,2.0311836507745635,1.7652725819688575,1.3162864460605395,-0.8156120101089438,-0.9314901047707584,1.90810866774751,-1.0069066889882585,-0.7113907635882416,-0.8478703175760962,-0.11978863723936661,-0.48007920926481823,-0.8722720615314054,-0.7977382329810593
1.2547426715461367,2.014513330692457,1.9310623021374755,2.0602581312650075,2.3303876830229036,-0.21837091371313846,2.0311836507745635,2.248464275813347,0.9152711156357938,0.6470209765478101,0.7286314976983778,-0.31220282991809023,0.8689118821225673,0.5865980434704464,0.7167728591030491,1.1101607546464227,1.8582289380118355,0.15785136844340258,1.2496301141615112
-2.206064782059655,-1.5977730053917263,-1.0428500529693063,-1.0041076356118674,-0.9791750480587106,-1.057045910934691,-0.6594194162705246,-0.554047548484693,0.386949331107955,-0.9281222398517709,-0.9314901047707584,-0.11122635814663424,-0.47095852581373704,-1.093152177429032,-0.8983426781141332,-1.0603381722108527,-1.2595152583570361,0.15785136844340258,-1.236460021654467
0.2575608628800612,-0.6821587604814991,-0.5553234373780305,-0.7539553281117144,-0.8327342192497895,0.11052124206001927,-0.6594194162705246,-0.7473242260224889,-1.2043813451807166,0.5345107468049828,0.4796132573280071,0.3098672017554615,0.7349248413289368,-0.024220218674818668,0.26252161426071663,-0.915638243753701,-0.9997032419929636,-0.09967948905029947,-0.5052570405321206
1.1960849180951911,-0.4313055426978753,-0.8722157375123598,-0.8790314818617908,-0.6862933904408686,-1.846387084790269,-0.12129880286150695,0.02578248412869458,0.12597110019661276,-0.7031017803661166,-0.8484840246473018,1.0946324724820964,-0.33697148502010665,0.5102457607022882,0.21204925372267963,-0.5538884226108217,-0.22026719290074567,-0.09967948905029947,-0.65149763675659
-0.6809631923350687,-0.933011978265123,-0.8722157375123598,-0.9415695587368292,-0.8913105507733579,-0.6130415006409276,-0.6594194162705246,-0.650685887253591,-0.14137245341988403,-0.5905915506232894,-0.6824718644003881,1.2381870951759928,-0.8729196481946283,-1.016799894660874,-0.9992873991902071,0.6037110050463916,-0.22026719290074567,-0.3572103465440014,0.22594594059022596
0.14024535597816998,0.7226192591067946,0.27347180912713803,0.1841158250138595,0.045910753603736386,0.7847501613949929,-0.6594194162705246,-0.650685887253591,0.9152711156357938,0.6470209765478101,0.562619337451464,0.462992132628952,1.0028989229161975,0.968359457311237,1.0196070223312712,-0.33683852992509417,0.039544823463326904,-0.6147412040377034,-0.3590164443076513
-0.21170116472750375,-0.36859223825196935,-0.8722157375123598,-0.8164934049867527,-1.0084632138204945,1.7385374131371498,-0.6594194162705246,-0.7473242260224889,-1.2043813451807166,-0.8156120101089438,-0.8484840246473018,0.03232826454726232,-0.06899740343284573,0.2811889123978137,0.16157689318464288,-0.6985883510679735,0.29935683982739947,3.2482216583678265,-0.7977382329810593
0.19890310942911557,-0.544189490700506,-0.628452429716722,-0.6914172512366762,-0.5691407273937317,-0.9090444408367702,-0.39035910956601577,-0.26413253217799926,-0.179564389650812,-0.25306086139480766,-0.4334536240300177,0.9702184661473863,-0.8729196481946283,-0.8640953291245578,-0.9488150386521701,-0.11978863723936661,-0.22026719290074567,-0.6147412040377034,-0.3590164443076513
0.7268228904876262,-0.004855072465714694,-0.21405480646413766,-0.0034984056112551845,-0.041953743681616154,0.4065241822558608,-0.6594194162705246,-0.7473242260224889,-1.2043813451807166,-0.8156120101089438,-0.7654779445238449,-1.0299759433875724,0.1989766781544152,-0.5586861980519254,-0.29267435165768985,-0.2644885656965183,-0.22026719290074567,0.15785136844340258,-1.0902194254299977
1.372058178448028,1.8263734173547392,0.7609984247184137,0.7469585168892041,0.4559450742687153,1.19586535611144,-0.6594194162705246,-0.7473242260224889,-1.2043813451807166,1.0970618955191191,1.6416983790564028,-1.1065384088243175,5.826432391486891,3.717041636964929,4.653616981069931,-0.2644885656965183,0.5591688561914724,1.1879747984182105,0.9571489217125725
-2.382038042412492,-1.3343771267189213,-0.9940973914101786,-1.0041076356118674,-0.9498868822969263,-1.106379734300664,0.6858821172520194,0.7988891942798781,0.8388872431739378,-1.1531426993374254,-1.180508345141129,-0.9916947106692,-0.8729196481946283,-0.8640953291245578,-0.8983426781141332,-1.0603381722108527,-1.2595152583570361,-0.6147412040377034,-1.236460021654467
-0.9155942061388512,-0.918205339115311,-0.7657005057027215,-0.7657822083899872,-0.8382730469103679,0.6370771739821106,-0.6594194162705246,-0.7351403947736249,-1.2043813451807166,-0.6118689080947742,-0.781175628575602,1.6636948936908005,-0.13656791490317133,-0.5923780194550334,-0.48863511147993927,-0.8335435199996499,-0.7235131203958477,-0.8722720615314054,-0.7700819616373462
1.372058178448028,1.7511174520196524,0.8828800786162327,1.0596489012643955,0.9245557264572626,0.6696379068743872,-0.6594194162705246,-0.7473242260224889,-1.2043813451807166,0.5345107468049828,0.4796132573280071,0.11846103816359944,-0.06899740343284573,0.8920071745430788,0.5653557774889384,0.3866611123606643,1.5984169216477626,0.6729130834308065,1.2496301141615112
-2.147407028608709,-1.2089505178271094,-1.0184737221897426,-0.9415695587368292,-0.8620223850115737,-1.3694934589191905,-0.6594194162705246,-0.26413253217799926,-0.567849074665248,-0.9281222398517709,-0.8484840246473018,-1.6329053587019382,-0.8729196481946283,-0.940447611892716,-0.9488150386521701,-0.2644885656965183,-0.9997032419929636,-0.6147412040377034,-0.5052570405321206
0.2575608628800612,1.6633188257953841,2.028567625255731,2.185334285015084,1.9496415281197095,0.7025271224517035,-0.6594194162705246,-0.554047548484693,-0.29414019834359645,1.8846335037189095,2.0567287796736866,-0.10165604996704168,1.5388470860907195,1.7318822849928182,1.7262200698637882,0.02491129121778505,1.3386049052836904,4.535875945836336,1.3958707103859804
1.372058178448028,-0.017397733354896066,-0.31156012958239265,-0.3787268668614848,-0.33483540129945816,-0.31703856044508605,1.2240027306610368,1.0888042105865718,1.0807695059698157,-0.5905915506232894,-0.7654779445238449,1.726272812335242,-1.0069066889882585,-0.7877430463563998,-0.8983426781141332,1.6166105042464538,0.5591688561914724,-0.8722720615314054,-0.5052570405321206
-1.2088829733935793,-1.0284419396678475,-1.1279959603924437,-1.1790385119867675,-0.9643252079055371,-3.0751016420951984,0.1477615038430018,0.590913092896725,-0.013564388972462278,-0.9167131343791881,-1.084876411044807,2.2494593937657905,-1.1476872117373393,-1.0322849095278355,-1.1104684252589598,-0.19947525320803935,0.23349121225334066,-0.6277986700657036,-0.7977382329810593
-0.9742519595897968,-0.8828413347083982,-1.1159790453079976,-1.0041076356118674,-1.067039545344063,-0.15259248255850716,-0.6594194162705246,-0.7473242260224889,-1.2043813451807166,-1.1531426993374254,-1.180508345141129,-1.9487255286285103,0.06498963736078466,-0.10057250144297668,0.010159811570531889,-0.6985883510679735,-0.9997032419929636,-0.09967948905029947,-1.0902194254299977
0.37487636978195243,-0.41876288180869414,-0.26280746802326505,-0.3161887899864465,-0.42269989858481066,0.6038594757197558,-0.6594194162705246,-0.7473242260224889,-1.2043813451807166,0.1969800575765011,0.3136010970810937,-0.15907789904459976,0.33296371894804544,0.2811889123978137,0.26252161426071663,-0.7709383152965493,-0.739891225628891,-0.09967948905029947,0.07970534436575653
-0.5049899319822319,0.684991276439251,0.4197297938045207,0.30919197876393617,0.22163974817444174,0.39007957446720265,-0.12129880286150695,-0.26413253217799926,1.3417477368811581,0.8720414360334645,0.977649738068748,0.0897501136248204,1.136885963709828,0.4338934779341301,0.7167728591030491,-0.40918849415367003,0.039544823463326904,-0.6147412040377034,0.5184271330391645
0.8441383973895173,-0.732329404038224,-0.6528287604962858,-0.6288791743616379,-0.5691407273937317,-0.5143738539089812,-0.39035910956601577,-0.554047548484693,0.5651783668522863,-0.5905915506232894,-0.5994657842769313,0.2715859690370899,-1.0069066889882585,-0.8640953291245578,-0.8983426781141332,-0.1921386014679425,-0.22026719290074567,-0.6147412040377034,-0.65149763675659
1.0787694111933,1.0988990857822303,1.6872989943418377,2.0602581312650075,1.2760137155986728,2.2976540779515178,-0.6594194162705246,-0.650685887253591,0.386949331107955,0.6470209765478101,0.977649738068748,-0.7620073143589657,1.404860045297089,0.8920071745430788,1.171024103945382,0.1696112196749367,1.5984169216477626,1.1879747984182105,1.6883519028349188
-0.7982786992369599,0.3714247542097211,-0.11654948334588243,-0.0034984056112551845,-0.18839457249053715,0.8834178081269393,-0.6594194162705246,-0.650685887253591,0.06868319585022067,-0.25306086139480766,-0.2674414637831041,0.4055702835513926,1.404860045297089,1.4264731539201854,1.5243306277116406,-0.48153845838224585,-0.22026719290074567,0.4153822259371045,-0.7977382329810593
1.1374271646442455,0.43413805865562705,0.6878694323797226,0.5593442862640892,0.1630634166508733,1.935872706601045,-0.6594194162705246,-0.7473242260224889,-1.2043813451807166,1.3220823550047733,1.3926801386860321,0.10889072998400688,1.2708730045034582,0.968359457311237,1.1205517434073446,-0.33683852992509417,-0.9997032419929636,0.15785136844340258,0.5184271330391645
1.0787694111933,1.5755201995711154,0.6634931016001585,0.6218823631391275,0.7781148976483416,-0.33348316823374413,1.493063037365546,1.6686342431999595,0.8516178885842469,0.1969800575765011,0.3136010970810937,-0.27392159719971726,-0.7389326074009978,0.12848434686149768,-0.14125727004357888,2.050710289617909,1.5984169216477626,-0.6147412040377034,1.2496301141615112
-0.5049899319822319,-1.2010136021640385,-0.921415956305026,-0.8790314818617908,-0.9173722759615457,-0.11277988154456947,-0.3952991428964087,-0.5558218593087584,1.4596583795137703,-0.8176777339302955,-0.7654779445238449,-1.1104163158822737,-0.865539513360156,-1.01539804231652,-0.9955806444276721,-0.3461371093916706,-0.48961967278539753,-0.8722720615314054,-0.654182660900262
0.14024535597816998,-0.25033283691848307,-0.3445552223056746,-0.295975574862177,-0.6217025126595845,2.266056936586147,-0.6594194162705246,-0.7473242260224889,-1.2043813451807166,-0.3115259955823206,0.06132190806906023,-1.4954518055584705,0.9016909032205921,0.5596020958444857,0.7132578604468411,-0.7418691234215014,-0.8749006770803239,0.024027304843048592,-0.7332356723810322
-0.21170116472750375,-0.9580973000434856,-0.6772050912758495,-0.7539553281117144,-0.8034460534880054,0.07763202648270302,-0.6594194162705246,-0.7473242260224889,1.9782800073966267,-0.14055063165198034,0.14758893683417992,-1.3936476542121108,-0.33697148502010665,-0.8640953291245578,-0.6964532359619854,0.09726125544636095,0.5591688561914724,-0.09967948905029947,-0.3590164443076513
0.19890310942911557,0.6259091337798013,0.3456598592531233,0.18652983543098597,0.40019509848086915,-0.7091700571743264,1.2240027306610368,1.5664004499107704,0.626643266612883,0.4089716119378859,0.3007847416641627,0.4687181446729148,0.05723165639153353,0.19010039014695937,0.14891316392284068,-0.1921386014679425,0.3043712974811916,1.9257743648815622,0.793973377813741
1.1374271646442455,0.3337967715421774,-0.14092581412544614,-0.06603648248629351,-0.012665577919832064,-0.13614787476984905,-0.12129880286150695,0.1224208228975925,0.507890462505894,-0.36557109113763486,-0.4334536240300177,0.3098672017554615,-0.06899740343284573,0.2811889123978137,0.16157689318464288,-0.48153845838224585,-0.22026719290074567,-0.09967948905029947,-0.65149763675659
-0.32901667162939496,-0.89234694391086,-0.8297068190810507,-0.8325118817315326,-0.9281005750123359,0.5230215891129557,-0.6594194162705246,-0.7473242260224889,-1.2043813451807166,-0.47808132088046207,-0.4951985616532059,-0.1693532987222937,-0.6082360618911601,-0.6955840880068205,-0.649699423053523,-0.8785748655761556,-0.739891225628891,-0.040040166007718876,-0.43393245263701563
0.6681651370366806,1.2494110164524046,1.4679120173257636,1.6224915931397395,1.5981835389782988,0.29141192773525626,-0.12129880286150695,-0.07085585464020344,0.6542928847244518,1.0970618955191191,1.060655818192205,0.08017980544522783,1.80682116767798,1.7318822849928182,1.827164790939862,-0.1921386014679425,0.5591688561914724,0.4153822259371045,1.3958707103859804
0.4335341232328981,-0.6947014213706804,-0.14092581412544614,-0.44126494373652303,-0.5105643958701633,0.3243011433125713,-0.6594194162705246,-0.7473242260224889,-1.2043813451807166,1.209572125261946,1.060655818192205,0.7022498371187796,0.06498963736078466,-0.7113907635882416,-0.3936190727337636,-0.5538884226108217,-0.22026719290074567,-0.6147412040377034,0.07970534436575653
1.1374271646442455,0.08968557012980014,0.06739021495571487,0.059039671263783136,0.28955162659418215,-0.6833420723139604,0.6494460108771409,0.865125551376522,0.5227029083490216,-0.23782474295956843,-0.3845142518634051,1.2635082309130226,-0.7693589165529674,-0.24627830216935856,-0.4509263927650075,1.32721064733215,-0.008086053629429416,-0.8137909320142312,1.0899845023758505
0.37487636978195243,0.7877174890617398,0.303730489304915,0.2941006665316746,0.5261404616439963,-0.5960255397548002,1.2240027306610368,1.3170611613477345,0.8127745398679157,-0.17160998627983734,-0.27032543284133903,0.7238752241726505,-0.28847206589660657,-0.46656183110405436,-0.4153958324911041,-0.1921386014679425,0.5278207203311523,0.3753616576998743,0.03933445054119236
-1.0915674664916881,-1.0825906015112305,-0.7634291781914022,-0.7539553281117144,-0.7719785365674606,0.08700326578940264,-0.6594194162705246,-0.7473242260224889,-1.2043813451807166,-0.5687429618388656,-0.5449318936166858,-0.5031747819286273,-0.5689562910446697,-0.6908823373396422,-0.6828962256649896,-0.8962048509110006,-0.9997032419929636,-0.40722078397303557,-1.0509388122841195
-1.0329097130407425,-0.745650283102137,-0.7841245153140962,-0.7155693589664159,-0.6238787419927564,-0.9827614735121608,-0.33840377420841433,-0.4607436092928433,0.8826989363172919,-0.8156120101089438,-0.8484840246473018,0.4198272683066461,-0.8858560447283073,-1.0784086111812812,-1.044886673002517,-0.36477997324422595,-0.010624674243202556,-0.6147412040377034,-0.6797365818198698
0.7854806439385718,-1.196407856937928,-0.9697210606306149,-1.0666457124869058,-1.067039545344063,-0.39926159938837547,-0.6594194162705246,-0.650685887253591,-1.2043813451807166,-0.47808132088046207,-0.5164597041534744,0.329007818114648,-0.33697148502010665,-1.016799894660874,-0.7973979570380593,-0.6262383868393976,-0.739891225628891,-0.8722720615314054,-0.9439788292055286
-0.21170116472750375,-0.5943601342572309,-0.7990867451736684,-0.6914172512366762,-0.8913105507733579,1.6398697664052022,-0.6594194162705246,-0.7473242260224889,-1.2043813451807166,-0.9281222398517709,-0.7654779445238449,-1.5180616605468207,-0.06899740343284573,0.20483662962965588,0.11110453264660587,-0.7709383152965493,-0.739891225628891,0.4153822259371045,-0.7977382329810593
0.4921918766838437,-0.017397733354896066,-0.36031279114152026,-0.3161887899864465,-0.42269989858481066,0.7354163380290185,-0.6594194162705246,-0.45740920971579513,-0.6251369790116402,-0.36557109113763486,-0.18443538365964723,-0.8577103961548967,-0.06899740343284573,-0.10057250144297668,-0.09078490950554187,-0.48153845838224585,1.0787928889196174,-0.09967948905029947,-0.5052570405321206
-0.32901667162939496,-1.0705858913339348,-0.9681843296919528,-0.9794238191464436,-0.9666918000653025,-0.5023465423973058,-0.6594194162705246,-0.6623849129483531,-1.2043813451807166,-0.6586939251804849,-0.294971150748824,-2.560368337255407,-0.6049455666073674,-0.5494429998622861,-0.5832881590658084,-0.8345296015376095,-0.5429848323120037,0.1266747137389179,-0.8154421020111219
1.372058178448028,0.8605885288877875,0.5416114477023396,0.6218823631391275,0.5438095715540678,0.4065241822558608,-0.39035910956601577,-0.3607708709468972,0.10687513208114888,0.5345107468049828,0.14758893683417992,1.620999422359717,-0.6049455666073674,-0.17692478421113486,-0.3431467121957266,1.978360325389333,1.0787928889196174,-0.3572103465440014,0.8109083254881031
0.7854806439385718,0.020230249312647604,0.5416114477023396,0.4342681325140128,0.2509279139362258,0.9491962392815717,-0.6594194162705246,-0.7473242260224889,-1.2043813451807166,1.209572125261946,1.2266679784391188,0.1758828872411589,2.2087822900588714,0.3575411951659719,1.0700793828693078,-0.6262383868393976,-0.739891225628891,-0.3572103465440014,-0.65149763675659
0.02292984907627873,-1.0835239089352975,-0.9453447298510511,-1.0041076356118674,-0.7448697219644369,-2.1423900249861116,0.1477615038430018,0.3156975004353884,0.6161009484935238,-0.9281222398517709,-0.9314901047707584,-0.3504840626364618,-1.140893729781889,-1.093152177429032,-1.1002321202662808,0.02491129121778505,-0.9997032419929636,-0.8722720615314054,-0.65149763675659
1.1374271646442455,-0.44384820358705646,-0.7015814220554133,-0.5663410974865996,-0.7448697219644369,1.2780883950547295,-0.6594194162705246,-0.7473242260224889,-1.2043813451807166,-0.9281222398517709,-0.8484840246473018,-0.9151322452324555,-0.2029844442264761,0.12848434686149768,0.010159811570531889,-0.48153845838224585,-0.739891225628891,1.9605673708993168,-0.5052570405321206
-0.9742519595897968,-0.2431656293601574,-0.5796997681575944,-0.5038030206115613,-0.15910640672875306,-1.813497869212954,-0.39035910956601577,-0.07085585464020344,-0.14137245341988403,-0.7031017803661166,-0.7654779445238449,0.4438515162697655,-1.0069066889882585,-0.7113907635882416,-0.8478703175760962,0.09726125544636095,-0.22026719290074567,-0.3572103465440014,-0.06653525185871258
0.902796150840463,0.05785823198019127,0.15159015522931912,0.1841158250138595,0.1630634166508733,0.3243011433125713,-0.39035910956601577,-0.45740920971579513,-0.1859297123559668,0.1969800575765011,-0.018423223412733662,1.0180700070453517,-0.6049455666073674,-0.7113907635882416,-0.6964532359619854,0.1696112196749367,0.039544823463326904,-0.3572103465440014,-0.06653525185871258
0.31621861633100684,-0.19299498580343258,-0.628452429716722,-0.5663410974865996,-0.5984288931555158,-0.03748022803790148,-0.39035910956601577,-0.45740920971579513,1.3990356412275502,-0.5905915506232894,-0.5994657842769313,-0.5514605344079179,-0.6049455666073674,-0.7113907635882416,-0.6964532359619854,0.6760609692749676,0.039544823463326904,-0.3572103465440014,0.6646677292636339
0.902796150840463,0.4090527368772648,0.5903641092614674,0.5593442862640892,0.5730977373158519,0.028298203116729835,2.569304264183581,2.538379292120041,1.1444227330213625,-0.36557109113763486,-0.4334536240300177,0.6352576798616276,-0.6049455666073674,0.4338934779341301,0.06063217210856888,-0.1921386014679425,-0.22026719290074567,-0.6147412040377034,-0.65149763675659
0.9614539042914086,0.0059594317580348305,-0.03668921687604164,-0.022899331791036877,-0.046995875389211815,0.20635785253796238,-0.464579973650114,-0.48406710323762403,-0.21577980788646547,0.13490768003339546,-0.0642180347429893,0.9705501854702921,-0.641906179882428,-0.7535146463062503,-0.7382219634719633,0.3292743658774423,0.039544823463326904,-0.3572103465440014,-0.18755760051611778
-0.5636476854331774,-0.468933525365419,-0.628452429716722,-0.5663410974865996,-0.42269989858481066,-0.9254890486254284,0.1477615038430018,0.5089741779731842,0.33602674946671746,-0.9281222398517709,-1.0144961848942153,0.262015660857496,-0.2029844442264761,0.12848434686149768,0.010159811570531889,-0.6262383868393976,-0.739891225628891,-0.09967948905029947,-1.236460021654467
0.37487636978195243,-0.9079266564867607,-0.36031279114152026,-0.3161887899864465,-0.5984288931555158,1.7056481975598337,-0.6594194162705246,-0.7473242260224889,-1.2043813451807166,-0.14055063165198034,-0.018423223412733662,-0.5897417671262895,-0.33697148502010665,-0.7877430463563998,-0.6459808754239483,-0.6985883510679735,-0.739891225628891,-0.8722720615314054,-0.5052570405321206
1.372058178448028,0.9233018333336934,1.2729013710892532,1.309801208764548,1.041708389504399,1.014974670436203,-0.6594194162705246,-0.650685887253591,0.06868319585022067,1.3220823550047733,1.890716619426773,-0.9534134779508278,1.404860045297089,1.808234567760976,1.7262200698637882,-0.33683852992509417,0.29935683982739947,2.990690800874124,0.8109083254881031
-0.622305438884123,-0.8201280302624923,-0.18967847568457374,-0.12857455936133183,-0.07124190944340025,-0.39926159938837547,0.41682181054751066,0.7022508555109801,0.7052154663656893,-0.5905915506232894,-0.7654779445238449,1.6401400387189036,-0.2029844442264761,-0.7877430463563998,-0.5955085148859115,-0.915638243753701,-0.9997032419929636,-0.6147412040377034,-0.65149763675659
-1.9714337682558722,0.7226192591067946,0.054084832111064116,0.059039671263783136,0.22163974817444174,-0.4321508149656917,0.6858821172520194,0.9921658718176738,0.5970049803780597,-0.36557109113763486,-0.4334536240300177,0.6065467553228485,-1.0069066889882585,0.05213206409333951,-0.3431467121957266,1.1101607546464227,0.29935683982739947,0.4153822259371045,1.54211130661045
0.8441383973895173,1.613148182238659,1.2485250403096895,1.3723392856395868,1.041708389504399,1.1794207483227819,0.41682181054751066,0.3156975004353884,1.0807695059698157,0.6470209765478101,0.3966071772045506,1.1711949379188409,0.33296371894804544,0.4338934779341301,0.4139386958748276,0.9654608261892709,0.5591688561914724,-0.09967948905029947,-0.06653525185871258
-1.560829494099253,-0.669616099592318,-0.6772050912758495,-0.7539553281117144,-0.7155815562026526,-0.21837091371313846,0.1477615038430018,0.02578248412869458,0.9980203108028051,-0.5905915506232894,-0.6824718644003881,0.8553747679922687,-0.7389326074009978,-1.016799894660874,-0.9488150386521701,-0.2644885656965183,-0.22026719290074567,-0.8722720615314054,-0.7977382329810593
0.31621861633100684,1.7762027737980146,1.8335569790192203,1.747567746889816,1.7446243677872197,0.34074575110122945,3.1074248775925986,2.9249326471956323,1.1507880557265173,0.7595312062906372,0.7286314976983778,0.1758828872411589,0.33296371894804544,0.5865980434704464,0.5148834169509013,0.3866611123606643,3.676913052560344,0.6729130834308065,0.07970534436575653
0.6681651370366806,0.47176604132317074,-0.0190441602276272,-0.12857455936133183,-0.21768273825232123,0.3571903588898876,-0.6594194162705246,-0.7473242260224889,-1.2043813451807166,0.7595312062906372,0.7286314976983778,0.3481484344738345,1.404860045297089,0.2811889123978137,0.6663004985650124,-0.48153845838224585,-0.48007920926481823,-0.09967948905029947,-0.5052570405321206
-1.5021717406483073,-1.1336945524920221,-0.6528287604962858,-0.6288791743616379,-0.7448697219644369,0.6696379068743872,-0.6594194162705246,-0.45740920971579513,-0.567849074665248,-0.47808132088046207,-0.5994657842769313,1.1520543215596557,-0.6049455666073674,-1.016799894660874,-0.8983426781141332,-0.7709383152965493,-0.48007920926481823,-0.6147412040377034,-1.0902194254299977
-0.7396209457860143,-1.2716638222730154,-0.9453447298510511,-0.8790314818617908,-0.9205987165351421,-0.13614787476984905,-0.12129880286150695,0.02578248412869458,0.5142557852110488,-1.1531426993374254,-1.0975022650176722,-1.6998975159590897,-0.7389326074009978,-1.1695044601971902,-1.0497597597282442,-0.6985883510679735,-0.9997032419929636,-0.8722720615314054,-1.236460021654467
-0.4463321785312862,0.9860151377795994,0.9072564093957964,1.1847250550144721,1.041708389504399,0.5216364367764664,-0.39035910956601577,-0.3607708709468972,-0.04589261284256373,0.1969800575765011,-0.018423223412733662,1.3721714096902968,1.5388470860907195,1.9609391332972923,1.827164790939862,-0.04743867301079086,0.5591688561914724,1.7030365134056145,-0.212775848083182
0.37487636978195243,-0.8702986738192171,-0.9940973914101786,-0.9415695587368292,-0.9498868822969263,-0.7774875785275064,-0.39035910956601577,-0.26413253217799926,0.2787388451203254,-0.9281222398517709,-1.0144961848942153,0.09932042180441432,-1.0069066889882585,-1.016799894660874,-1.0497597597282442,0.6037110050463916,-0.739891225628891,-0.8722720615314054,-0.06653525185871258
-2.147407028608709,-0.41876288180869414,-0.7259577528349771,-0.8164934049867527,-0.5398525616319476,-2.0766115938314798,-0.39035910956601577,0.02578248412869458,-0.49783052490854646,-0.25306086139480766,-0.35044754390656085,1.1233433970208753,-0.8729196481946283,-0.6350384808200834,-0.6964532359619854,0.4590110765892402,0.039544823463326904,-0.09967948905029947,0.22594594059022596
0.14024535597816998,-0.3309642555844259,-0.26280746802326505,-0.3161887899864465,-0.42269989858481066,0.42296879004451887,1.7621233440700546,0.9921658718176738,1.749128390011058,-0.5905915506232894,-0.7654779445238449,1.1520543215596557,-0.6049455666073674,-0.6350384808200834,-0.6459808754239483,0.09726125544636095,0.039544823463326904,-0.6147412040377034,-0.06653525185871258
-0.9155942061388512,-0.8201280302624923,-1.0184737221897426,-0.9415695587368292,-0.8620223850115737,-1.073490518723349,-0.39035910956601577,-0.554047548484693,0.7052154663656893,-1.040632469594598,-1.0144961848942153,-1.2692336478774,-1.0069066889882585,-0.7877430463563998,-0.8983426781141332,0.24196118390351262,-0.48007920926481823,-0.6147412040377034,-0.5052570405321206
-1.9714337682558722,1.5880628604602967,1.4191593557666362,1.6850296700147782,1.4224545444075938,0.8340839847609661,-0.12129880286150695,-0.16749419340910135,0.386949331107955,0.6470209765478101,0.7286314976983778,-0.06337481724866872,1.404860045297089,1.1974163056157112,1.3224411855594926,0.1696112196749367,1.5984169216477626,-0.3572103465440014,1.1033895179370417
0.9614539042914086,0.13289424294259533,-0.003974406616749605,0.059039671263783136,0.18116972829128855,-0.3603963163174759,-0.20446703067199373,0.04685384864720089,0.23429859100007958,-0.1916830016241883,-0.2795074226541381,0.8076991446711377,-0.13235320246952204,0.04517921525569347,-0.018302205649212498,0.027571103081715183,0.5214019709345523,-0.4368147493137812,0.22863407234656763
1.1960849180951911,-0.15536700313588914,0.3222244706862657,-0.0034984056112551845,-0.1298182409669687,0.7189717302403604,-0.6594194162705246,-0.650685887253591,-0.04589261284256373,1.6596130442332553,1.475686218809489,0.7788123025555241,-0.8729196481946283,-0.5586861980519254,-0.6459808754239483,2.050710289617909,1.0787928889196174,-0.6147412040377034,1.2496301141615112
-0.622305438884123,-0.710652273163691,-0.5743084531289717,-0.44126494373652303,-0.5398525616319476,0.3918202427794756,-0.6594194162705246,-0.7473242260224889,-1.2043813451807166,-0.6906598321095968,-0.6641134030189968,-0.15576696384006575,-0.21780140649212146,-0.5034424658937874,-0.46083589679405673,-0.6382396223717209,-0.26336417623389813,-0.09967948905029947,-0.65149763675659
-0.5049899319822319,-0.26244238342170156,-0.3717492597188398,-0.6215440389229301,-0.515805953334366,-0.7337409142587589,-0.05818225404912779,0.008487600931768592,0.5112694125877947,0.5414497387174155,0.15270828038165965,1.5840146266537392,-0.7546480425464817,-0.49599830385993915,-0.6490937239389266,0.7957412520088862,0.7580338008237973,-0.78165413016437,0.23496522991876473
-0.0943856578256125,-0.6570734387031368,-0.7015814220554133,-0.6288791743616379,-0.7155815562026526,0.5545256523537815,-0.6594194162705246,-0.7473242260224889,-1.2043813451807166,-0.7031017803661166,-0.6824718644003881,-0.3504840626364618,0.06498963736078466,0.12848434686149768,0.11110453264660587,-0.9879882079822767,-1.2595152583570361,1.9605673708993168,-1.0902194254299977
-2.030091521706818,-0.9455546391543042,-1.0184737221897426,-1.0666457124869058,-0.9498868822969263,-2.0272777704655063,0.1477615038430018,0.2190591616664904,0.5779090122625956,-0.8156120101089438,-0.9314901047707584,0.28115627721668246,-1.140893729781889,-1.093152177429032,-1.1507044808043179,-0.04743867301079086,-0.48007920926481823,-0.8722720615314054,-0.5052570405321206
-1.3261984802954705,-1.2340358396054718,-1.1891080376466892,-1.129183789361944,-1.1841922083912,-0.13614787476984905,-0.6594194162705246,-0.7473242260224889,-1.2043813451807166,-1.040632469594598,-1.0975022650176722,-0.11122635814663424,-0.33697148502010665,-0.5586861980519254,-0.4945637938098376,-0.915638243753701,-1.2595152583570361,-0.6147412040377034,-1.236460021654467
-0.5636476854331774,-0.406220220919513,-0.31156012958239265,-0.3161887899864465,-0.2762590697758897,-0.004591012460586407,-0.6594194162705246,-0.7473242260224889,-1.2043813451807166,-0.14055063165198034,-0.10142930353619037,0.09932042180441432,0.33296371894804544,0.3575411951659719,0.3634663353367906,-0.6985883510679735,-0.48007920926481823,-0.09967948905029947,0.07970534436575653
-1.3261984802954705,0.2657838617443448,0.1983318613978997,0.23698286859260367,0.1452497936590635,0.4322898996088347,-0.43196721961471257,-0.3757152478550655,0.05640984286143678,0.20509723073744784,0.43425681106761305,-0.5264000192172957,-0.28447792694912294,-0.21076615301288676,-0.2447985830948677,0.6917202703671625,0.4788129902426359,-0.7527965562834676,0.4958121479608293
-0.9742519595897968,-1.0250389027942306,-1.0955081398439745,-1.0041076356118674,-1.0424437487926492,-0.25616713940954106,-0.6594194162705246,-0.7473242260224889,-1.2043813451807166,-1.1059004313140997,-1.0759473075557122,-1.8683554041099084,-0.1600512916145191,-0.42117045855316476,-0.3077351172945059,-0.6682091010266472,-0.9997032419929636,-0.31595034152175117,-1.0902194254299977
-1.3261984802954705,-1.5726876836133639,-1.091602714528434,-1.1917218662369822,-1.0963277111058474,-1.6654963991150333,-0.39035910956601577,-0.554047548484693,0.6161009484935238,-0.5905915506232894,-0.7654779445238449,0.9223669252494207,-1.0069066889882585,-1.1695044601971902,-1.1507044808043179,-0.8432882795251251,-1.2595152583570361,-0.8722720615314054,-0.7977382329810593
-0.32901667162939496,-0.39367756003033183,-0.5796997681575944,-0.5663410974865996,-0.4812762301083791,-0.44859542275434866,-0.6594194162705246,-0.650685887253591,0.9152711156357938,-0.47808132088046207,-0.4334536240300177,-0.1973591317629727,-1.0069066889882585,-0.7877430463563998,-0.8983426781141332,0.8207608977321195,-0.22026719290074567,-0.6147412040377034,-0.212775848083182
1.372058178448028,1.2619536773415856,0.6147404400410311,0.8094965937642422,0.6023859030776363,0.8998624159155973,-0.6594194162705246,-0.7473242260224889,-1.2043813451807166,0.1969800575765011,0.3136010970810937,-0.5514605344079179,2.476756371646132,2.1136436988336085,2.3318883963202315,-0.40918849415367003,0.039544823463326904,2.4756290858867205,0.3721865368146951
0.08158760252722434,-0.46800772522560063,-0.3761118087589337,-0.39725432747383754,-0.25564778319994613,-0.7266240300556696,1.12932832986715,1.1514383629753877,0.9404942720956257,-0.8218688930021284,-0.9361062123366386,1.100119197153615,-0.7463838518377602,-0.7792508881597321,-0.7945911042749733,-0.06082598554030715,-0.12884699320799015,-0.6147412040377034,-0.600039876268352
0.8441383973895173,-0.09265369868998295,-0.23843113724370135,-0.06603648248629351,-0.21768273825232123,0.7847501613949929,-0.6594194162705246,-0.7473242260224889,-1.2043813451807166,-0.5905915506232894,-0.5994657842769313,-0.3983356035344274,1.0028989229161975,0.8920071745430788,0.9691346617932339,-0.6985883510679735,-0.739891225628891,-0.09967948905029947,-0.65149763675659
-1.4435139871973617,-0.4814761862546001,-0.7259577528349771,-0.6914172512366762,-0.5398525616319476,-1.237936596609928,0.6858821172520194,0.605612516742082,0.877079179404866,-1.1531426993374254,-1.2635144252645858,2.8364285611680415,-1.140893729781889,-0.7877430463563998,-0.9992873991902071,0.02491129121778505,-0.739891225628891,-0.6147412040377034,-0.3590164443076513
-1.5021717406483073,-0.17709272177017454,-0.366261801516463,-0.41762707160378815,-0.12903374543889137,-1.4909193837978987,0.05327014208516262,0.7623622524696335,-0.07410083639796254,-0.21354836343366224,-0.431230272141418,1.6580274509758655,-1.0503727361987305,-0.3791674537151433,-0.6787278340370949,1.0358728669624993,-0.3115106450768888,-0.705183535414248,0.2812213293917752
-0.15304341127655813,0.28362612798545284,-0.21405480646413766,-0.19111263623636987,-0.30554723553767404,0.5874148679310978,-0.6594194162705246,-0.650685887253591,-1.2043813451807166,0.08446982783367404,0.06458285671072322,0.06103918908604136,0.46695075974167594,1.3501208711520276,1.0196070223312712,0.4590110765892402,0.29935683982739947,3.7632833733552307,1.1033895179370417
-0.03572790437466689,0.7226192591067946,0.17596648600888304,0.24665390188889783,0.30950424545979427,-0.03748022803790148,0.1477615038430018,0.3156975004353884,0.6415622393141425,-0.25306086139480766,-0.10142930353619037,-0.4557574526119868,-0.47095852581373704,0.05213206409333951,-0.14125727004357888,1.2548606831035745,0.039544823463326904,-0.09967948905029947,-0.212775848083182
-0.3876744250803406,-0.44384820358705646,-1.0184737221897426,-1.0666457124869058,-1.0377513795822788,-0.5308184616976381,0.41682181054751066,0.3156975004353884,1.297190477945075,-1.1531426993374254,-1.2635144252645858,2.8364285611680415,-1.0069066889882585,-0.48233391528376723,-0.6964532359619854,-0.48153845838224585,-0.739891225628891,-0.3572103465440014,-1.0902194254299977
0.14024535597816998,0.6975339373284318,0.7609984247184137,0.6844204400141658,0.9831320579808308,-0.5801522850636125,-0.12129880286150695,-0.07085585464020344,0.49515981709558465,0.9845516657762918,0.977649738068748,0.3481484344738345,0.06498963736078466,-0.48233391528376723,-0.29267435165768985,0.3143111481320884,0.8189808725555449,0.15785136844340258,1.1033895179370417
1.1374271646442455,-0.23062296847097627,-0.4334417834802116,-0.44126494373652303,-0.5105643958701633,0.5380810445651246,-0.6594194162705246,-0.650685887253591,-0.6251369790116402,-0.25306086139480766,-0.10142930353619037,-0.8098588552569312,0.33296371894804544,-0.024220218674818668,0.11110453264660587,-0.2644885656965183,1.0787928889196174,1.1879747984182105,0.07970534436575653
1.372058178448028,-0.9204693173759418,-1.1647317068671252,-1.2542599431120205,-1.1841922083912,-2.2739468872953745,-0.6594194162705246,-0.554047548484693,-0.7524434331147339,-0.5905915506232894,-0.6824718644003881,0.7405310698371512,-0.8729196481946283,-0.8640953291245578,-0.8983426781141332,0.8207608977321195,-0.739891225628891,-0.6147412040377034,-0.06653525185871258
1.372058178448028,2.0019706698032755,3.5399001335886853,3.873862360641117,3.2383208216382138,1.376756041786676,-0.6594194162705246,-0.7473242260224889,0.386949331107955,2.559694882175873,2.9697956610317116,-0.4079059117140213,3.5486526979951756,4.3278598991101935,4.148893375689561,0.3866611123606643,0.5591688561914724,5.308468518317442,3.5894796537530196
0.6095073835857349,0.35427310819969493,-0.004873268944684275,0.04001488722655456,0.14524383996072723,-0.4359150070665057,-0.6594194162705246,-0.5418221173301391,-0.37228807295423183,0.1058198342856062,0.16334021874193358,0.014398360121982694,0.18202637288538337,-0.5586861980519254,-0.2990594610958933,-0.5392869698801032,0.006676771718556393,-0.3572103465440014,-0.5682455356792866
1.1960849180951911,-0.09265369868998295,-0.28718379880282896,-0.44126494373652303,-0.45198806434659505,0.11052124206001927,-0.6594194162705246,-0.650685887253591,0.6161009484935238,0.42200051706215574,0.6456254175749209,-0.3696246789956483,0.7349248413289368,0.4338934779341301,0.5653557774889384,-0.40918849415367003,0.039544823463326904,0.4153822259371045,-0.06653525185871258
-1.1502252199426337,-1.3594624484972837,-0.7747104143941047,-0.7539553281117144,-0.7155815562026526,-0.33348316823374413,-0.39035910956601577,-0.45740920971579513,1.1125961194955891,-0.8156120101089438,-0.7654779445238449,-0.2547809808405308,-0.7389326074009978,-1.093152177429032,-0.9992873991902071,-0.5538884226108217,-1.2595152583570361,-0.6147412040377034,-0.5052570405321206
-0.9742519595897968,-0.41876288180869414,-0.384689121921084,-0.2536507131114082,-0.18839457249053715,-0.3005939526564279,-0.6594194162705246,-0.7473242260224889,-1.2043813451807166,-0.5905915506232894,-0.4334536240300177,-1.3936476542121108,0.46695075974167594,0.05213206409333951,0.21204925372267963,-0.7709383152965493,-0.48007920926481823,0.4153822259371045,-0.3590164443076513
-0.27035891817844937,-0.6306038888007869,-0.5616062131055098,-0.6189051021823725,-0.6985132572816221,0.512052992961941,-0.6594194162705246,-0.7473242260224889,-1.2043813451807166,-0.12260660125585861,-0.09684896329023558,-0.1943643756149207,0.037038009897975545,-0.2692052534011254,-0.14373679642576204,-0.8699204749975781,-0.9040658152205091,0.15785136844340258,-0.45142552608446246
-1.0915674664916881,-0.6445307778139557,0.0053321705519365,0.12157774813882145,-0.07124190944340025,1.1465315327454657,-0.6594194162705246,-0.650685887253591,-1.2043813451807166,-0.25306086139480766,-0.4334536240300177,1.4104526424086685,-0.6049455666073674,-1.016799894660874,-0.8478703175760962,-0.1921386014679425,-0.22026719290074567,-0.8722720615314054,-0.5052570405321206
0.902796150840463,1.362294964455035,0.7853747554979774,0.7469585168892041,0.7195385661247728,0.25852271215794004,-0.39035910956601577,-0.45740920971579513,-0.09681519448380127,1.0970618955191191,1.2266679784391188,-0.1495075908650072,1.404860045297089,1.7318822849928182,1.6757477093257513,0.1696112196749367,0.5591688561914724,4.0208142308489325,0.9571489217125725
0.31621861633100684,-0.25570829024933855,-0.6772050912758495,-0.6288791743616379,-0.7741578877262211,0.9163070237042555,-0.6594194162705246,-0.650685887253591,-1.2043813451807166,-0.5905915506232894,-0.6824718644003881,0.4438515162697655,-0.8729196481946283,-0.32962934974745106,-0.5450361543478744,0.24196118390351262,0.8189808725555449,-0.6147412040377034,0.3721865368146951
0.31621861633100684,0.7727899026635192,1.0291380632936153,0.8094965937642422,0.8366912291719097,0.028298203116729835,-0.6594194162705246,-0.554047548484693,0.7052154663656893,2.109653963204564,2.4717591802909706,-0.31220282991809023,0.6009378005353062,0.05213206409333951,0.26252161426071663,-0.2644885656965183,0.8189808725555449,-0.3572103465440014,0.3721865368146951
0.4335341232328981,0.5721073284366199,0.12721382444975543,0.24665390188889783,-0.15910640672875306,2.0345403533329915,-0.6594194162705246,-0.7473242260224889,-1.2043813451807166,-0.02804040190915328,0.14758893683417992,-0.5323199180487314,1.404860045297089,1.0447117400793948,1.2214964644834185,-0.6262383868393976,0.29935683982739947,1.7030365134056145,-0.65149763675659
1.1960849180951911,2.114854617805907,2.0041912944761666,2.122796208140046,2.0082178596432776,0.5216364367764664,0.1477615038430018,0.3156975004353884,0.5397170760316674,1.6596130442332553,1.475686218809489,0.5778358307840695,-0.33697148502010665,0.968359457311237,0.5148834169509013,5.234108715675245,3.936725068924417,-0.6147412040377034,3.150757865079612
1.372058178448028,0.5344793457690767,0.6147404400410311,0.8094965937642422,0.7195385661247728,0.45585800562183515,-0.39035910956601577,-0.26413253217799926,0.26600819971001605,0.1969800575765011,0.06458285671072322,0.654398296220814,0.7349248413289368,0.2811889123978137,0.4644110564128644,0.02491129121778505,0.5591688561914724,0.4153822259371045,-0.3590164443076513
-0.9155942061388512,0.10802887553691587,-0.09217315256631872,-0.0034984056112551845,-0.3934117328230266,2.2483202545855447,-0.6594194162705246,-0.7473242260224889,-1.2043813451807166,-0.02804040190915328,0.3136010970810937,-1.2692336478774,0.1989766781544152,0.05213206409333951,0.11110453264660587,-0.8432882795251251,-0.48007920926481823,2.4756290858867205,0.07970534436575653
0.31621861633100684,-0.09265369868998295,0.12721382444975543,0.1841158250138595,0.13377525088908893,0.42296879004451887,0.1477615038430018,0.1224208228975925,0.7370420798914628,-0.25306086139480766,-0.10142930353619037,-0.4461871444323929,-0.7389326074009978,-0.7113907635882416,-0.7469255965000223,0.6037110050463916,0.5591688561914724,-0.6147412040377034,0.3721865368146951
-0.9155942061388512,-1.0437715571043884,-0.8150102517373199,-0.8013634142047055,-0.8478508693211828,0.10839856057543358,-0.6594194162705246,-0.7473242260224889,-1.2043813451807166,-0.6060168516345341,-0.559302054788542,-0.5547024093115971,-0.6049455666073674,-0.5956303884818348,-0.6390610481706677,-0.8882151640527787,-0.9012257139391875,-0.5171283122305328,-1.0347893009159894
-0.4463321785312862,-1.2967491440513776,-1.1159790453079976,-1.0666457124869058,-1.213480374152984,1.8700942754464125,-0.6594194162705246,-0.7473242260224889,-1.2043813451807166,-1.040632469594598,-1.0144961848942153,-2.2932566230938622,-0.33697148502010665,-0.4059816325156092,-0.3936190727337636,-0.9879882079822767,-0.9997032419929636,-0.09967948905029947,-0.7977382329810593
0.31621861633100684,-0.5818174733680498,-0.7015814220554133,-0.6914172512366762,-0.6570052246790843,-0.6459307162182437,-0.12129880286150695,-0.07085585464020344,0.6161009484935238,-0.5905915506232894,-0.6824718644003881,0.08017980544522783,-1.0069066889882585,-0.48233391528376723,-0.7469255965000223,0.3866611123606643,-0.48007920926481823,-0.8722720615314054,-0.5052570405321206
0.5508496301347893,-0.7197867431490428,-0.9209683990714873,-0.9415695587368292,-0.8620223850115737,-1.237936596609928,-0.6594194162705246,-0.45740920971579513,-0.49783052490854646,-0.5905915506232894,-0.6824718644003881,1.0180700070453517,-0.8729196481946283,-0.8640953291245578,-0.8983426781141332,0.3143111481320884,-0.9997032419929636,-0.8722720615314054,0.3721865368146951
0.7854806439385718,2.5914757315947923,3.101126179556537,2.372948515640199,2.7989983352114507,-0.4157062071770336,2.83836457088809,3.214847663502326,0.8197912750584737,4.697389247289591,4.546911183377391,0.4151405917309865,0.46695075974167594,0.3575411951659719,0.4139386958748276,1.7613104327036053,1.3386049052836904,1.9605673708993168,3.443239057528551
1.372058178448028,1.1365270684497737,1.4435356865462,1.4974154393896635,1.5396072074547307,0.14341045763733434,-0.39035910956601577,-0.3607708709468972,0.3296614267615629,1.547102814490428,1.475686218809489,0.36728905083302094,1.0028989229161975,0.2811889123978137,0.5653557774889384,0.6037110050463916,1.8582289380118355,-0.6147412040377034,0.8109083254881031
1.1374271646442455,0.684991276439251,1.5410410096644551,1.6224915931397395,0.7781148976483416,2.8567707427658857,-0.6594194162705246,-0.7473242260224889,-1.2043813451807166,1.6596130442332553,2.0567287796736866,-0.5897417671262895,1.2708730045034582,1.5028254366883436,1.5243306277116406,-0.1921386014679425,-0.22026719290074567,1.9605673708993168,1.9808330952838575
-0.27035891817844937,-0.4839119258457,-0.6019857920083143,-0.5702710540262654,-0.6811042201330005,0.6417290789005722,-0.6594194162705246,-0.7473242260224889,-1.2043813451807166,-0.3417826561019979,-0.3656251807553109,-0.2037031397584168,-0.10574663875235034,-0.39681869584561574,-0.26527413107633263,-0.7403438979086066,-0.6612049792483344,0.0018606092669870193,-0.27043606271969156
1.2547426715461367,-0.13028168135752663,-0.5309471065984668,-0.5663410974865996,-0.5984288931555158,-0.10325865919253396,-0.6594194162705246,-0.554047548484693,-0.29414019834359645,-0.02804040190915328,-0.18443538365964723,0.8458044598126762,-0.7389326074009978,-0.8640953291245578,-0.8478703175760962,0.7484109335035435,0.039544823463326904,-0.3572103465440014,-0.5052570405321206
1.2547426715461367,2.528762427148886,3.759287110604759,3.4360958225158496,3.501914313494272,0.1927442810033087,2.3002439574790725,2.538379292120041,0.8388872431739378,4.247348328318282,3.716850382142823,0.8840856925310477,1.5388470860907195,1.808234567760976,1.7766924304018255,0.7484109335035435,2.118040954375908,-0.09967948905029947,4.028201442426427
-2.382038042412492,-1.2692562659155069,-0.9856600130125015,-0.9932844845882506,-0.9397493706533266,-1.082188856190562,0.7091645755513242,0.7905268381967416,0.8686308334884013,-1.1628784896675444,-1.187691067939351,-1.0745089703539557,-0.8729196481946283,-0.8640953291245578,-0.9027101771476673,-0.9977319466497567,-1.1920687162333243,-0.5701716313361731,-1.1984963328633034
1.0201116577423543,-0.10773506061923739,-0.48288519078679365,-0.5043093420149377,-0.36495349819951095,-0.9074467715449058,1.2174676217332017,1.4671423182566015,0.8314396851197914,-0.9267558796185006,-1.0128160978392942,0.500343565884259,-1.0069066889882585,-0.4078361256249431,-0.6470024627515895,-0.4083098530360897,-0.47902746164325466,-0.3582528597835302,-0.7971462349610771
0.7854806439385718,1.788745434687196,1.3460303634279447,1.1221869781394336,1.4224545444075938,-0.5308184616976381,1.493063037365546,1.8619109207377555,0.7943299842378548,1.547102814490428,1.8077105393033162,-0.28349190537930985,-0.06899740343284573,1.121064022847553,0.7167728591030491,0.9654608261892709,2.6376649871040536,0.4153822259371045,1.6883519028349188
-0.7982786992369599,0.38396741509890203,-0.06779682178675481,-0.0034984056112551845,0.30950424545979427,-1.0241566953573746,0.6858821172520194,0.5089741779731842,1.1698840238419812,-0.5905915506232894,-0.5994657842769313,0.38642966719220745,-0.7389326074009978,-0.4059816325156092,-0.5450361543478744,0.8931108619606953,-0.22026719290074567,-0.3572103465440014,-0.3590164443076513
1.0787694111933,-0.10519635957916433,-0.4821944450393392,-0.5038030206115613,-0.3641235670612422,-0.9090444408367702,1.2240027306610368,1.4753575656621636,0.832521920468783,-0.9281222398517709,-1.0144961848942153,0.5012733653473236,-1.0069066889882585,-0.4059816325156092,-0.6459808754239483,-0.40918849415367003,-0.48007920926481823,-0.3572103465440014,-0.7977382329810593
0.902796150840463,0.020230249312647604,-0.26280746802326505,-0.3787268668614848,-0.5105643958701633,0.636748691297071,-0.6594194162705246,-0.650685887253591,0.06868319585022067,0.42200051706215574,0.23059501695763682,0.8553747679922687,-0.06899740343284573,-0.5586861980519254,-0.3936190727337636,0.02491129121778505,0.5591688561914724,-0.09967948905029947,-0.06653525185871258
1.3134004249970823,1.8514587391331019,1.857933309798784,1.8101058237648548,2.3010995172611195,-0.6130415006409276,1.493063037365546,1.8619109207377555,0.69248482095538,1.4345925847476007,1.3096740585625752,0.48213274898813846,0.8689118821225673,0.5865980434704464,0.7672452196410864,0.09726125544636095,0.8189808725555449,0.9304439409245083,1.2496301141615112
1.2547426715461367,1.362294964455035,1.1510197171914343,0.6218823631391275,1.1002847210279676,-1.073490518723349,2.83836457088809,3.214847663502326,0.8898098248151751,1.7721232739760822,1.3096740585625752,1.400882334229076,-0.2029844442264761,-0.25327706697929286,-0.24220199111965285,1.7613104327036053,1.8582289380118355,-0.6147412040377034,1.54211130661045
1.372058178448028,1.086356424893049,1.1266433864118706,0.9971108243893568,1.041708389504399,0.15985506542599245,-0.39035910956601577,-0.16749419340910135,0.09414448667083933,1.7721232739760822,1.558692298932946,0.6735389125800005,0.06498963736078466,0.3575411951659719,0.26252161426071663,3.135959753046546,1.0787928889196174,-0.3572103465440014,1.2496301141615112
0.14024535597816998,0.22091282353954686,0.27347180912713803,0.1841158250138595,0.48523324003049934,-0.876155225259454,2.83836457088809,2.635017630888939,1.0935001513801252,-0.5905915506232894,-0.7654779445238449,1.2381870951759928,-0.8729196481946283,-0.7877430463563998,-0.8478703175760962,0.24196118390351262,-0.22026719290074567,-0.6147412040377034,-0.06653525185871258
1.372058178448028,2.654189036040698,3.905545095282142,3.7487862068910407,3.2676089873999983,1.0971977093794925,-0.39035910956601577,-0.45740920971579513,0.6542928847244518,4.697389247289591,5.6259902249823295,-0.5897417671262895,3.146691575614284,5.244087292328092,4.653616981069931,1.6889604684750295,0.5591688561914724,0.6729130834308065,2.2733142877327963
-0.9742519595897968,-0.807585369373311,-0.7747104143941047,-0.7539553281117144,-0.8327342192497895,0.15985506542599245,0.6858821172520194,0.3156975004353884,1.50724612721518,-1.040632469594598,-1.0975022650176722,-0.541890226228324,-1.140893729781889,-0.7113907635882416,-0.8983426781141332,-0.6262383868393976,-0.9997032419929636,-0.09967948905029947,-0.9439788292055286
1.0201116577423543,-0.669616099592318,-0.847839406732796,-0.7539553281117144,-0.7155815562026526,-0.7610429707388494,0.1477615038430018,0.1224208228975925,0.5715436895574408,-1.1531426993374254,-1.180508345141129,-0.07294512542826263,-0.8729196481946283,-0.7877430463563998,-0.8478703175760962,-0.40918849415367003,-1.2595152583570361,-0.6147412040377034,-0.5052570405321206
-0.5636476854331774,-0.2869043801074509,-0.2784728840907052,-0.35507494617516067,-0.30357612792358624,-0.30749901551105185,1.0148757148990804,0.8118968064845935,1.3305979378241097,-0.4530196222011555,-0.5938794352417042,0.9651567617332165,-0.8104348238774086,-0.07169604366732883,-0.30836620047338775,-0.3593321222277641,-0.08161844801317443,-0.3572103465440014,-0.65149763675659
1.3134004249970823,0.8104178853310628,0.395353463024957,0.3717300556389745,0.5145214057922837,-0.39926159938837547,0.9549424239565282,1.0888042105865718,0.6606582074296066,0.1969800575765011,-0.018423223412733662,0.9893590825065727,-0.8729196481946283,-0.10057250144297668,-0.4440914332718006,2.050710289617909,1.3386049052836904,-0.6147412040377034,1.1033895179370417
0.7268228904876262,1.7009468084629273,2.3942125869491875,2.2478723618901224,1.9789296938814935,0.9163070237042555,-0.6594194162705246,-0.7473242260224889,-1.2043813451807166,3.1222460308900093,3.1358078212786253,0.2045938117799379,1.9408082084716105,1.6555300022246595,1.827164790939862,0.02491129121778505,1.0787928889196174,2.4756290858867205,1.3958707103859804
0.5508496301347893,-0.44384820358705646,-0.36031279114152026,-0.44126494373652303,-0.2469709040141056,-1.106379734300664,0.41682181054751066,0.5089741779731842,1.0425775697388875,-0.36557109113763486,-0.2674414637831041,-0.3504840626364618,-0.33697148502010665,-0.7113907635882416,-0.5450361543478744,-0.6985883510679735,-0.48007920926481823,-0.09967948905029947,-0.5052570405321206
-0.0943856578256125,-0.7072440822598617,-0.628452429716722,-0.5663410974865996,-0.7741578877262211,1.5412021196732548,-0.12129880286150695,-0.3607708709468972,1.449958222868788,-0.7031017803661166,-0.6824718644003881,-0.6567339243834415,-0.47095852581373704,-0.32962934974745106,-0.3936190727337636,-0.5538884226108217,-0.22026719290074567,-0.3572103465440014,-0.7977382329810593
1.1374271646442455,2.139939939584269,3.5399001335886853,2.9983292843905813,2.5354048433553933,1.1794207483227819,-0.6594194162705246,-0.7473242260224889,-1.2043813451807166,5.7099813149750345,5.293965904488502,0.7405310698371512,3.2806786164079145,3.793393919733087,3.7451144913852668,-0.33683852992509417,-0.739891225628891,8.141307950748164,2.712036076406204
1.372058178448028,-0.11773902046834547,-0.18967847568457374,-0.3161887899864465,-0.15910640672875306,-0.5965968928522706,0.9549424239565282,0.9921658718176738,1.0043856335079597,-0.25306086139480766,-0.4334536240300177,0.7309607616575586,-0.2029844442264761,-0.10057250144297668,-0.14125727004357888,-0.11978863723936661,0.29935683982739947,-0.3572103465440014,-0.06653525185871258
1.1374271646442455,2.4785917835921616,2.1748256099331136,1.8726439006398927,2.213235019975767,-0.3828169915997173,0.41682181054751066,0.605612516742082,0.8197912750584737,3.1222460308900093,2.5547652604144275,1.1520543215596557,1.0028989229161975,1.121064022847553,1.1205517434073446,0.8931108619606953,3.1572890198321986,0.15785136844340258,1.9808330952838575
0.9614539042914086,2.0897692960275442,1.2241487095301258,1.1847250550144721,1.1295728867897519,0.3243011433125713,-0.39035910956601577,-0.554047548484693,1.0680388605595066,1.6596130442332553,1.7247044591798593,-0.02509358453029712,2.074795249265241,2.266348264369925,2.2814160357821947,-0.33683852992509417,0.5591688561914724,2.7331599433804223,0.3721865368146951
0.08158760252722434,-0.9455546391543042,-0.8965920682919236,-0.8790314818617908,-0.8913105507733579,-0.5472630694862962,0.41682181054751066,0.3156975004353884,1.30355580065023,-1.040632469594598,-1.0975022650176722,-0.6088823834854759,-1.0069066889882585,-1.016799894660874,-1.1002321202662808,0.3866611123606643,-0.22026719290074567,-0.8722720615314054,-0.06653525185871258
-1.1502252199426337,-1.259121161383834,-1.0428500529693063,-1.0666457124869058,-0.9791750480587106,-1.057045910934691,-0.6594194162705246,-0.554047548484693,-0.29414019834359645,-0.8156120101089438,-0.7654779445238449,-1.3457961133141452,-0.7389326074009978,-1.093152177429032,-0.9992873991902071,-0.7709383152965493,-0.9997032419929636,-0.6147412040377034,-0.9439788292055286
0.08158760252722434,-1.0208106044893914,-0.6528287604962858,-0.5663410974865996,-0.6570052246790843,0.47230261341049207,-0.6594194162705246,-0.7473242260224889,-1.2043813451807166,-0.5905915506232894,-0.5994657842769313,-0.13036697450582072,-0.47095852581373704,-0.8640953291245578,-0.6964532359619854,-0.5538884226108217,-0.739891225628891,-0.09967948905029947,-0.7977382329810593
1.372058178448028,0.13311419731527815,0.395353463024957,0.49680620938905085,0.2509279139362258,1.1794207483227819,-0.39035910956601577,-0.16749419340910135,0.2914694905306347,0.08446982783367404,-0.18443538365964723,1.8698274350291386,-0.6049455666073674,-0.6350384808200834,-0.6459808754239483,0.3866611123606643,0.8189808725555449,-0.6147412040377034,0.07970534436575653
0.902796150840463,-0.5943601342572309,-0.6528287604962858,-0.6288791743616379,-0.4812762301083791,-1.106379734300664,0.1477615038430018,0.1224208228975925,1.118961442200744,-0.8156120101089438,-0.8484840246473018,0.262015660857496,-0.47095852581373704,-0.7877430463563998,-0.6964532359619854,-0.6985883510679735,-0.739891225628891,-0.3572103465440014,-0.7977382329810593
-1.0915674664916881,-0.7840651095323059,-0.5868113264558867,-0.6471240522959653,-0.6612774938119806,-0.20880486829365344,0.41682181054751066,0.466684230090891,1.0435173300697698,-0.541355897230825,-0.70493739607112,1.282035502490503,-1.1185230886469244,-0.9499747794924265,-1.0045207773096752,-0.20421824048600154,-0.517978027063648,-0.6844417323196135,-1.0902194254299977
-0.4463321785312862,-0.3525424574754614,-0.44798186404334345,-0.6569938203437146,-0.5727695636414808,-0.7363037767823273,0.1206189395663239,0.1463680187480208,0.6430276639073232,0.26766985913975216,-0.08659311053790658,1.7756666466775806,-0.6485796965409037,-0.455711299016107,-0.5830013513912219,0.5751526408172795,0.4685772541775456,-0.8722720615314054,-0.022277388279731167
1.372058178448028,1.7511174520196524,0.8828800786162327,1.0596489012643955,0.9245557264572626,0.6696379068743872,-0.6594194162705246,-0.7473242260224889,-1.2043813451807166,0.5345107468049828,0.4796132573280071,0.11846103816359944,-0.06899740343284573,0.8920071745430788,0.5653557774889384,0.3866611123606643,1.5984169216477626,0.6729130834308065,1.2496301141615112
-1.267540726844525,-1.1336945524920221,-0.628452429716722,-0.6288791743616379,-0.6570052246790843,0.34074575110122945,-0.39035910956601577,-0.45740920971579513,0.5333517533265129,-0.5905915506232894,-0.5164597041534744,-0.5131793016895448,-0.47095852581373704,-0.8640953291245578,-0.7469255965000223,-0.915638243753701,-0.9997032419929636,-0.8722720615314054,-1.0902194254299977
-0.4463321785312862,0.7100765982176133,0.5172351169227759,0.5593442862640892,0.895267560695478,-0.8268214018934807,-0.6594194162705246,-0.650685887253591,-1.2043813451807166,0.6470209765478101,0.8946436579452911,-0.3504840626364618,1.0028989229161975,0.05213206409333951,0.4139386958748276,-0.1921386014679425,0.8189808725555449,-0.6147412040377034,0.07970534436575653
1.1374271646442455,-0.06756837691162065,-0.31156012958239265,-0.19111263623636987,-0.041953743681616154,-0.5801522850636125,-0.39035910956601577,-0.554047548484693,1.1380574103162078,-0.7031017803661166,-0.6824718644003881,-0.07294512542826263,0.6009378005353062,0.12848434686149768,0.3129939747987536,0.02491129121778505,0.29935683982739947,-0.09967948905029947,0.07970534436575653
1.1960849180951911,2.842328949378416,3.5155238028091214,3.3735577456408112,3.882660468397466,-0.36637238381105924,1.493063037365546,1.8619109207377555,0.6415622393141425,3.5722869498613186,3.3848260616489956,0.48213274898813846,0.46695075974167594,1.7318822849928182,1.3224411855594926,3.2083097172751227,2.6376649871040536,0.9304439409245083,3.443239057528551
1.372058178448028,0.10802887553691587,-0.14092581412544614,-0.19111263623636987,-0.1298182409669687,-0.3005939526564279,-0.6594194162705246,-0.650685887253591,0.9152711156357938,0.3094902873193284,0.14758893683417992,0.6926795289391857,0.33296371894804544,0.5865980434704464,0.5148834169509013,-0.40918849415367003,-0.48007920926481823,-0.09967948905029947,-0.212775848083182
0.8441383973895173,0.9233018333336934,0.3709771322453933,0.4342681325140128,0.4266569085069309,0.04474281090538795,1.493063037365546,1.378719226893266,1.278094509829611,-0.36557109113763486,-0.4334536240300177,0.5012733653473236,-0.2029844442264761,-0.10057250144297668,-0.14125727004357888,1.6889604684750295,1.3386049052836904,-0.09967948905029947,1.3958707103859804
0.7854806439385718,0.05583466805696546,-0.3007650863662247,-0.24429650584251283,-0.21295754638034503,-0.047125753535750776,-0.5820930850324737,-0.47072769875887965,0.5562187015647717,-0.2853956319870293,-0.29129691732440877,-0.2456607958366413,0.8496583436419042,0.5093479861287697,0.6584543000922455,-0.48153845838224585,-0.6278885854956453,0.12084495166351285,-0.3590164443076513
1.2547426715461367,1.3748376253442165,0.7122457631592863,0.8094965937642422,0.3680805769833627,1.8372050598690974,-0.6594194162705246,-0.7473242260224889,-1.2043813451807166,0.6470209765478101,0.977649738068748,-0.7811479307181515,2.8787174940270237,1.8845868505291343,2.3318883963202315,-0.11978863723936661,1.5984169216477626,0.6729130834308065,-0.212775848083182
1.372058178448028,2.202653244030175,2.1504492791535497,1.9977200543899694,2.0082178596432776,0.30785653552391323,-0.39035910956601577,-0.45740920971579513,1.0680388605595066,2.784715341661528,2.5547652604144275,0.6639686044004066,3.682639738788806,2.419052829906241,2.937556722776675,-0.33683852992509417,1.0787928889196174,3.2482216583678265,0.8109083254881031
-1.3261984802954705,-0.142824342246708,-0.16530214490501005,-0.2536507131114082,-0.18839457249053715,-0.4157062071770336,1.2240027306610368,0.7988891942798781,1.4308622547533236,-0.36557109113763486,-0.5164597041534744,0.9702184661473863,-0.47095852581373704,-0.48233391528376723,-0.4945637938098376,-0.40918849415367003,-0.739891225628891,-0.6147412040377034,-0.3590164443076513
-0.15304341127655813,-0.7072440822598617,-0.21405480646413766,-0.12857455936133183,-0.2762590697758897,0.9327516314929136,-0.6594194162705246,-0.7473242260224889,-1.2043813451807166,-0.25306086139480766,-0.35044754390656085,0.9223669252494207,-0.33697148502010665,-0.7877430463563998,-0.6459808754239483,-0.7709383152965493,-0.22026719290074567,-0.6147412040377034,0.07970534436575653
0.14024535597816998,-1.0960665698244787,-0.8722157375123598,-0.8164934049867527,-1.0084632138204945,1.9194280988123869,-0.6594194162705246,-0.7473242260224889,-1.2043813451807166,-0.9281222398517709,-0.9314901047707584,-0.3504840626364618,-0.47095852581373704,-0.940447611892716,-0.7973979570380593,-0.915638243753701,-0.739891225628891,-0.6147412040377034,-1.0902194254299977
1.372058178448028,2.0270559915816384,2.589223233185698,2.810715053765467,2.5354048433553933,0.8340839847609661,-0.6594194162705246,-0.650685887253591,0.06868319585022067,1.9971437334617368,2.2227409399206004,-0.15907789904459976,3.682639738788806,1.7318822849928182,2.5842501990104165,0.6760609692749676,1.5984169216477626,0.4153822259371045,2.712036076406204
-2.7339845631181654,-0.1679096640250703,-0.4334417834802116,-0.5663410974865996,-0.3641235670612422,-1.3366042433418754,1.493063037365546,1.7652725819688575,0.8516178885842469,-0.5905915506232894,-0.5994657842769313,-0.3504840626364618,-0.8729196481946283,0.2811889123978137,-0.14125727004357888,-0.11978863723936661,0.8189808725555449,-0.3572103465440014,-0.7977382329810593
1.3134004249970823,1.5128068951252094,1.7116753251214014,1.4974154393896635,1.8032006993107885,-0.36637238381105924,2.0311836507745635,1.8619109207377555,1.074404183264661,1.7721232739760822,1.3096740585625752,1.1711949379188409,-0.8729196481946283,0.12848434686149768,-0.24220199111965285,2.123060253846485,1.0787928889196174,-0.8722720615314054,2.565795480181735
-0.8569364526879055,-0.9079266564867607,-0.8722157375123598,-0.8790314818617908,-0.6570052246790843,-1.7477194380583227,-0.12129880286150695,0.1224208228975925,0.469698526274966,-0.9281222398517709,-0.9314901047707584,-1.0586868679263521,-0.8729196481946283,-1.016799894660874,-1.0497597597282442,-0.11978863723936661,-0.739891225628891,-0.8722720615314054,-0.06653525185871258
0.31621861633100684,0.43413805865562705,-0.06779682178675481,-0.06603648248629351,-0.3641235670612422,1.8536496676577556,-0.6594194162705246,-0.7473242260224889,-1.2043813451807166,0.1969800575765011,0.562619337451464,-1.2596633396978067,2.074795249265241,1.5028254366883436,1.7766924304018255,-0.6985883510679735,-0.48007920926481823,2.218098228393018,-0.5052570405321206
1.372058178448028,0.6975339373284318,0.858503747836669,0.7469585168892041,0.5730977373158519,0.8011947691836498,1.2240027306610368,1.282080888124368,1.055308215149197,0.6470209765478101,0.4796132573280071,0.9319372334290132,0.33296371894804544,-0.5586861980519254,-0.29267435165768985,0.09726125544636095,0.29935683982739947,-0.3572103465440014,0.07970534436575653
0.5508496301347893,-0.2180803075817951,0.0297085013315002,0.12157774813882145,-0.30554723553767404,2.330543293528834,-0.6594194162705246,-0.7473242260224889,-1.2043813451807166,0.08446982783367404,0.06458285671072322,0.2237344281391244,0.7349248413289368,0.6629503262386043,0.6663004985650124,-0.6985883510679735,-0.22026719290074567,0.4153822259371045,0.3721865368146951
0.8441383973895173,2.3531651747003495,2.101696617594422,2.2478723618901224,2.359675848784688,0.1269658498486774,-0.6594194162705246,-0.7473242260224889,-1.2043813451807166,1.8846335037189095,2.4717591802909706,-0.9055619370528623,3.8166267795824362,3.946098485269403,4.047948654613488,-0.40918849415367003,0.5591688561914724,3.5057525158615284,0.8109083254881031
1.1960849180951911,0.9860151377795994,-0.18967847568457374,-0.2536507131114082,-0.15910640672875306,-0.39926159938837547,-0.6594194162705246,-0.650685887253591,-0.14137245341988403,0.3094902873193284,0.14758893683417992,0.5108436735269175,1.9408082084716105,1.5028254366883436,1.6757477093257513,-0.1921386014679425,0.8189808725555449,2.218098228393018,-0.3590164443076513
0.902796150840463,0.48430870221235167,0.0297085013315002,-0.06603648248629351,-0.18839457249053715,0.7025271224517035,-0.6594194162705246,-0.7473242260224889,-1.2043813451807166,0.6470209765478101,0.7286314976983778,-0.12079666632622815,1.9408082084716105,1.0447117400793948,1.3729135460975295,-0.2644885656965183,0.8189808725555449,1.4455056559119124,0.07970534436575653
1.1374271646442455,-0.18045232491425145,-0.4892478821208641,-0.41328422804912024,-0.33267378002472336,-0.572880599545105,-0.2926468295672199,-0.15884663052952314,0.39656588114880253,-0.6213830667735273,-0.5920380872945623,-0.5095536890098806,-0.11835654370424603,-0.4059816325156092,-0.3434104888274761,-0.11293637646827608,0.7013782546140686,-0.42769074264511686,0.10664194233695355
1.372058178448028,-0.04248305513325836,-0.384689121921084,-0.3161887899864465,-0.2469709040141056,-0.44859542275434866,-0.39035910956601577,-0.3607708709468972,-0.08408454907349172,-0.36557109113763486,-0.4334536240300177,0.4151405917309865,-0.33697148502010665,-0.5586861980519254,-0.4945637938098376,0.9654608261892709,0.5591688561914724,-0.6147412040377034,0.07970534436575653
-1.2088829733935793,-1.1462372133812035,-1.2378606992058165,-1.1917218662369822,-1.1256158768676314,-1.813497869212954,-0.39035910956601577,-0.3607708709468972,0.6161009484935238,-1.2656529290802525,-1.2635144252645858,-2.628217409379621,-1.0069066889882585,-1.1695044601971902,-1.1507044808043179,-0.1921386014679425,0.039544823463326904,-0.6147412040377034,-0.65149763675659
